is_overconfident,holds_derivatives_fo,holds_crypto
False,1.0176211453744493,1.2731277533039649
True,1.6337815759708434,2.664320723890914
