archetype,proportion
Knowledge-Gated,46.256375382522954
Trust-Deficient,28.956137368242096
Fear-Driven,24.787487249234953
