archetype,proportion
Trust-Deficient,46.256375382522954
Knowledge-Gated,28.956137368242096
Fear-Driven,24.787487249234953
