,count,mean,std,min,25%,50%,75%,max
short_term_months,53353.0,18.473188011920605,22.309985502709576,1.0,5.0,9.0,24.0,144.0
mid_term_months,53336.0,51.504706014699266,36.31875249074665,2.0,24.0,48.0,72.0,144.0
long_term_months,46926.0,92.1176107062183,42.72198335306859,5.0,72.0,102.0,144.0,144.0
