top_goal,is_aligned
Children Education,77.24701445631679
Daily Trading,7.347670250896058
Financial Independence,66.80189317106154
Grow Wealth,66.79973386560214
Retirement,72.44094488188976
