Feature,Importance
monthly_income_rs,0.4333381088338449
life_stage,0.15479606503485613
education_years,0.14094945772551148
risk_tolerance_preference,0.12067363525431983
gender,0.0951164222747359
is_urban,0.05512631087673165
