Feature,Importance
education_years,0.3759157852773606
monthly_income_rs,0.3495193291426671
gender,0.11661132889938261
life_stage,0.0602678076459757
is_urban,0.048903641382524246
risk_tolerance_preference,0.04878210765208982
