Feature,Importance
monthly_income_rs,0.41526100202148764
life_stage,0.199576647035623
education_years,0.15920099561985396
risk_tolerance_preference,0.11919238715840419
is_urban,0.05820982741201225
gender,0.04855914075261881
