Feature,Coefficient (Scaled),Odds Ratio
education_years,0.6082035735971943,1.837128167118935
log_income,0.5876135653760669,1.7996884478186517
is_urban,0.4472643691679158,1.564027725343805
gender_male,0.4455852286695112,1.5614037067140654
risk_tolerance_preference,0.17953472324769004,1.1966604552834696
