Feature,Coefficient,Std_Error_HC3,Z_Stat,P_Value,CI_Lower_95,CI_Upper_95,Odds Ratio,OR_CI_Lower,OR_CI_Upper,Significance
education_years,0.6124209513744018,0.011399723061652987,53.72244115600465,0.0,0.5900779047398312,0.6347639980089723,1.8448923914503512,1.804128960120496,1.8865768530227858,***
log_income,0.5624964418370114,0.011554970398518466,48.680041786098606,0.0,0.5398491160134888,0.585143767660534,1.7550484122008851,1.7157479637609159,1.7952490658459344,***
is_urban,0.4488964327395122,0.010903158372331082,41.171229235619975,0.0,0.4275266350120069,0.4702662304670175,1.5665824021497219,1.5334600228505868,1.6004202171264015,***
gender_male,0.4415875181980574,0.0116397306476247,37.93794990334862,0.0,0.41877406533896594,0.4644009710571489,1.555174127090014,1.520096873417649,1.5910608118892446,***
risk_tolerance_preference,0.1863627789209516,0.010495592890988698,17.756288840143455,1.5409232578133885e-70,0.16579179485821913,0.20693376298368407,1.2048592786513355,1.1803273259200298,1.229901104103195,***
